{"schemaVersion":"1.0","appDefinitionTemplate":{"id":"/providers/Microsoft.PowerApps/apps/","type":"Microsoft.PowerApps/apps","tags":{"primaryDeviceWidth":"1366","primaryDeviceHeight":"768","sienaVersion":"20210902T152040Z-3.21084.20.0","deviceCapabilities":"","supportsPortrait":"true","supportsLandscape":"true","primaryFormFactor":"Tablet","publisherVersion":"3.21084.20","minimumRequiredApiVersion":"2.2.0","hasComponent":"false","hasUnlockedComponent":"false","isUnifiedRootApp":"false"},"properties":{"appVersion":"2021-09-02T15:20:40Z","lifeCycleId":"Published","createdByClientVersion":{"major":3,"minor":21084,"build":20,"revision":0,"majorRevision":0,"minorRevision":0},"minClientVersion":{"major":3,"minor":21084,"build":20,"revision":0,"majorRevision":0,"minorRevision":0},"backgroundColor":"rgba(0, 176, 240, 1)","backgroundImageUri":"/9023291069055148696/N69ca39b6-0103-4c00-ab07-063a6c5167ee-logoSmallFile","displayName":"DQS_List_Export_testv8","description":"","commitMessage":"","appUris":{"documentUri":{"value":"/9023291069055148696/N7082949d-cc7e-47e5-aee4-d2ce87f36b67-document.msapp"},"imageUris":[]},"createdTime":"0001-01-01T00:00:00Z","lastModifiedTime":"0001-01-01T00:00:00Z","sharedGroupsCount":0,"sharedUsersCount":0,"icons":{"smallIconUri":"/9023291069055148696/N6b73f432-baed-4cf0-9b8f-e977ddc4cdb7-small.png","mediumIconUri":"/9023291069055148696/N0e524113-f21b-45bf-8662-08448378c406-medium.png","largeIconUri":"/9023291069055148696/N06117a33-56c2-4e1d-aa2b-be49b6324b34-large.png","wideIconUri":"/9023291069055148696/N5fdbf9a9-1d20-40ba-b4b0-4defa8919293-wide.png"},"connectionReferences":{"3d7a2681-fc74-4716-aa38-7617742f6243":{"id":"1cb992a7-d4bd-4dc4-957e-e6501f385b4d","displayName":"SharePoint","iconUri":"https://connectoricons-prod.azureedge.net/releases/v1.0.1505/1.0.1505.2520/sharepointonline/icon.png","dataSources":["PowerApp_DQS List Export_test"],"dependencies":[],"dependents":[],"parameterHints":{},"parameterHintsV2":{},"isOnPremiseConnection":false,"bypassConsent":false,"dataSets":{"https://eu001-sp.shell.com/sites/AAAAA9784/GEDM":{"dataSources":{"PowerApp_DQS List Export_test":{"tableName":"928caea2-8b49-4442-9bda-44202f34512f"}}}},"apiTier":"Standard","isCustomApiConnection":false,"actions":["providers/PowerPlatform.Governance/Operations/Read","providers/PowerPlatform.Governance/Operations/Write"]}},"databaseReferences":{},"almMode":"Environment","performanceOptimizationEnabled":true,"canConsumeAppPass":true,"executionRestrictions":{"isTeamsOnly":false,"dataLossPreventionEvaluationResult":{"status":"Compliant","lastEvaluationDate":"2021-09-01T14:34:46.0784943Z","violations":[],"violationsByPolicy":[],"violationErrorMessage":"The app uses the following connectors: shared_sharepointonline."}}},"appType":"ClassicCanvasApp","appComponents":[]}}